-- ============================================================
-- Station Jet Phase 2 Seed Data
-- Run AFTER 00002_phase2_schema.sql and the Phase 1 seed
-- ============================================================

-- Station reference
-- b1000000-0000-0000-0000-000000000001 = ON Esso Bryanston

-- 1. DEPARTMENTS
insert into public.departments (id, station_id, name, short_name, pcats_code, taxes, include_in_sales_report, include_in_shift_report, sort_order) values
  ('e1000000-0000-0000-0000-000000000001', 'b1000000-0000-0000-0000-000000000001', 'TOBACCO', 'TOBAC', '02', '{HST1}', true, true, 1),
  ('e1000000-0000-0000-0000-000000000002', 'b1000000-0000-0000-0000-000000000001', 'SNACKS', 'SNACK', '03', '{HST1}', true, true, 2),
  ('e1000000-0000-0000-0000-000000000003', 'b1000000-0000-0000-0000-000000000001', 'ALCOHOL', 'LCBO', '04', '{HST1,HST2}', true, true, 3),
  ('e1000000-0000-0000-0000-000000000004', 'b1000000-0000-0000-0000-000000000001', 'BEER', 'BEER', '04', '{HST1,HST2}', true, true, 4),
  ('e1000000-0000-0000-0000-000000000005', 'b1000000-0000-0000-0000-000000000001', 'BAKERY GOODS', 'BKRY', '05', '{HST1}', true, true, 5),
  ('e1000000-0000-0000-0000-000000000006', 'b1000000-0000-0000-0000-000000000001', 'BASIC GROCERIES', 'GROC', '06', '{}', true, true, 6),
  ('e1000000-0000-0000-0000-000000000007', 'b1000000-0000-0000-0000-000000000001', 'DAIRY', 'DARY', '07', '{}', true, false, 7),
  ('e1000000-0000-0000-0000-000000000008', 'b1000000-0000-0000-0000-000000000001', 'BEVERAGES', 'BVRG', '08', '{HST1}', true, true, 8)
on conflict (station_id, name) do nothing;

-- 2. SUBDEPARTMENTS
insert into public.subdepartments (id, station_id, department_id, name, gl_code) values
  ('f1000000-0000-0000-0000-000000000001', 'b1000000-0000-0000-0000-000000000001', 'e1000000-0000-0000-0000-000000000001', 'CIGARETTES', '4010'),
  ('f1000000-0000-0000-0000-000000000002', 'b1000000-0000-0000-0000-000000000001', 'e1000000-0000-0000-0000-000000000001', 'CIGARS', '4011'),
  ('f1000000-0000-0000-0000-000000000003', 'b1000000-0000-0000-0000-000000000001', 'e1000000-0000-0000-0000-000000000002', 'CHIPS', '4020'),
  ('f1000000-0000-0000-0000-000000000004', 'b1000000-0000-0000-0000-000000000001', 'e1000000-0000-0000-0000-000000000002', 'CANDY', '4021'),
  ('f1000000-0000-0000-0000-000000000005', 'b1000000-0000-0000-0000-000000000001', 'e1000000-0000-0000-0000-000000000003', 'SPIRITS', '4030'),
  ('f1000000-0000-0000-0000-000000000006', 'b1000000-0000-0000-0000-000000000001', 'e1000000-0000-0000-0000-000000000003', 'WINE', '4031'),
  ('f1000000-0000-0000-0000-000000000007', 'b1000000-0000-0000-0000-000000000001', 'e1000000-0000-0000-0000-000000000004', 'DOMESTIC BEER', '4040'),
  ('f1000000-0000-0000-0000-000000000008', 'b1000000-0000-0000-0000-000000000001', 'e1000000-0000-0000-0000-000000000004', 'IMPORT BEER', '4041'),
  ('f1000000-0000-0000-0000-000000000009', 'b1000000-0000-0000-0000-000000000001', 'e1000000-0000-0000-0000-000000000005', 'BREAD', '4050'),
  ('f1000000-0000-0000-0000-000000000010', 'b1000000-0000-0000-0000-000000000001', 'e1000000-0000-0000-0000-000000000006', 'CANNED GOODS', '4060'),
  ('f1000000-0000-0000-0000-000000000011', 'b1000000-0000-0000-0000-000000000001', 'e1000000-0000-0000-0000-000000000007', 'MILK', '4070'),
  ('f1000000-0000-0000-0000-000000000012', 'b1000000-0000-0000-0000-000000000001', 'e1000000-0000-0000-0000-000000000008', 'SOFT DRINKS', '4080')
on conflict (station_id, department_id, name) do nothing;

-- 3. SUPPLIERS
insert into public.suppliers (id, station_id, name, account_number, primary_contact, phone, address_line1, city, province, country, postal_code) values
  ('aa100000-0000-0000-0000-000000000001', 'b1000000-0000-0000-0000-000000000001', 'Imperial Tobacco Canada', 'ITC-4421', 'Mark Thompson', '(514) 555-0101', '3711 St Antoine W', 'Montreal', 'QC', 'CA', 'H4C 3P6'),
  ('aa100000-0000-0000-0000-000000000002', 'b1000000-0000-0000-0000-000000000001', 'Frito-Lay Canada', 'FLC-8832', 'Sarah Chen', '(905) 555-0202', '5975 Whittle Rd', 'Mississauga', 'ON', 'CA', 'L4Z 2H7'),
  ('aa100000-0000-0000-0000-000000000003', 'b1000000-0000-0000-0000-000000000001', 'LCBO Distribution', 'LCBO-0091', 'James Wilson', '(416) 555-0303', '55 Lake Shore Blvd E', 'Toronto', 'ON', 'CA', 'M5E 1A4'),
  ('aa100000-0000-0000-0000-000000000004', 'b1000000-0000-0000-0000-000000000001', 'Coca-Cola Bottling Ltd', 'CCB-7710', 'Lisa Patel', '(905) 555-0404', '42 Overlea Blvd', 'Toronto', 'ON', 'CA', 'M4H 1B6'),
  ('aa100000-0000-0000-0000-000000000005', 'b1000000-0000-0000-0000-000000000001', 'Canada Bread Company', 'CBC-3305', 'David Brown', '(416) 555-0505', '10 Four Seasons Pl', 'Etobicoke', 'ON', 'CA', 'M9B 6H7')
on conflict (station_id, name) do nothing;

-- 4. ITEMS (50 sample products)
insert into public.items (station_id, plu, upc, description, department_id, subdepartment_id, supplier_id, retail_price, tax_codes, case_size, unit_cost, margin, status) values
  -- Tobacco
  ('b1000000-0000-0000-0000-000000000001', '1001', '062278001001', 'PLAYERS 25 KING SIZE', 'e1000000-0000-0000-0000-000000000001', 'f1000000-0000-0000-0000-000000000001', 'aa100000-0000-0000-0000-000000000001', 17.49, '{HST1}', 8, 14.25, 18.53, 'active'),
  ('b1000000-0000-0000-0000-000000000001', '1002', '062278001002', 'DU MAURIER 25 REGULAR', 'e1000000-0000-0000-0000-000000000001', 'f1000000-0000-0000-0000-000000000001', 'aa100000-0000-0000-0000-000000000001', 18.29, '{HST1}', 8, 14.90, 18.53, 'active'),
  ('b1000000-0000-0000-0000-000000000001', '1003', '062278001003', 'EXPORT A GOLD 25', 'e1000000-0000-0000-0000-000000000001', 'f1000000-0000-0000-0000-000000000001', 'aa100000-0000-0000-0000-000000000001', 16.99, '{HST1}', 8, 13.80, 18.78, 'active'),
  ('b1000000-0000-0000-0000-000000000001', '1004', '062278001004', 'BACKWOODS HONEY 5PK', 'e1000000-0000-0000-0000-000000000001', 'f1000000-0000-0000-0000-000000000002', 'aa100000-0000-0000-0000-000000000001', 12.99, '{HST1}', 10, 9.50, 26.87, 'active'),
  ('b1000000-0000-0000-0000-000000000001', '1005', '062278001005', 'COLTS REGULAR CIGARILLOS', 'e1000000-0000-0000-0000-000000000001', 'f1000000-0000-0000-0000-000000000002', 'aa100000-0000-0000-0000-000000000001', 11.49, '{HST1}', 10, 8.40, 26.89, 'active'),
  -- Snacks
  ('b1000000-0000-0000-0000-000000000001', '2001', '060410002001', 'LAYS CLASSIC 235G', 'e1000000-0000-0000-0000-000000000002', 'f1000000-0000-0000-0000-000000000003', 'aa100000-0000-0000-0000-000000000002', 4.99, '{HST1}', 12, 2.85, 42.89, 'active'),
  ('b1000000-0000-0000-0000-000000000001', '2002', '060410002002', 'DORITOS NACHO CHEESE 255G', 'e1000000-0000-0000-0000-000000000002', 'f1000000-0000-0000-0000-000000000003', 'aa100000-0000-0000-0000-000000000002', 4.99, '{HST1}', 12, 2.90, 41.88, 'active'),
  ('b1000000-0000-0000-0000-000000000001', '2003', '060410002003', 'CHEETOS CRUNCHY 227G', 'e1000000-0000-0000-0000-000000000002', 'f1000000-0000-0000-0000-000000000003', 'aa100000-0000-0000-0000-000000000002', 4.49, '{HST1}', 12, 2.60, 42.09, 'active'),
  ('b1000000-0000-0000-0000-000000000001', '2004', '060410002004', 'SNICKERS BAR 52G', 'e1000000-0000-0000-0000-000000000002', 'f1000000-0000-0000-0000-000000000004', 'aa100000-0000-0000-0000-000000000002', 2.29, '{HST1}', 48, 1.10, 51.97, 'active'),
  ('b1000000-0000-0000-0000-000000000001', '2005', '060410002005', 'KIT KAT 45G', 'e1000000-0000-0000-0000-000000000002', 'f1000000-0000-0000-0000-000000000004', 'aa100000-0000-0000-0000-000000000002', 2.29, '{HST1}', 48, 1.05, 54.15, 'active'),
  -- Alcohol
  ('b1000000-0000-0000-0000-000000000001', '3001', '062600003001', 'SMIRNOFF VODKA 750ML', 'e1000000-0000-0000-0000-000000000003', 'f1000000-0000-0000-0000-000000000005', 'aa100000-0000-0000-0000-000000000003', 28.95, '{HST1,HST2}', 12, 18.50, 36.10, 'active'),
  ('b1000000-0000-0000-0000-000000000001', '3002', '062600003002', 'SMIRNOFF VODKA (PET) 375ML', 'e1000000-0000-0000-0000-000000000003', 'f1000000-0000-0000-0000-000000000005', 'aa100000-0000-0000-0000-000000000003', 15.95, '{HST1,HST2}', 24, 9.80, 38.56, 'active'),
  ('b1000000-0000-0000-0000-000000000001', '3003', '062600003003', 'CAPTAIN MORGAN SPICED 750ML', 'e1000000-0000-0000-0000-000000000003', 'f1000000-0000-0000-0000-000000000005', 'aa100000-0000-0000-0000-000000000003', 29.95, '{HST1,HST2}', 12, 19.25, 35.73, 'active'),
  ('b1000000-0000-0000-0000-000000000001', '3004', '062600003004', 'BAREFOOT CHARDONNAY 750ML', 'e1000000-0000-0000-0000-000000000003', 'f1000000-0000-0000-0000-000000000006', 'aa100000-0000-0000-0000-000000000003', 12.95, '{HST1,HST2}', 12, 7.50, 42.08, 'active'),
  ('b1000000-0000-0000-0000-000000000001', '3005', '062600003005', 'YELLOW TAIL SHIRAZ 750ML', 'e1000000-0000-0000-0000-000000000003', 'f1000000-0000-0000-0000-000000000006', 'aa100000-0000-0000-0000-000000000003', 13.95, '{HST1,HST2}', 12, 8.20, 41.22, 'active'),
  -- Beer
  ('b1000000-0000-0000-0000-000000000001', '4001', '062600004001', 'MOLSON CANADIAN 24PK', 'e1000000-0000-0000-0000-000000000004', 'f1000000-0000-0000-0000-000000000007', 'aa100000-0000-0000-0000-000000000003', 39.95, '{HST1,HST2}', 1, 30.50, 23.65, 'active'),
  ('b1000000-0000-0000-0000-000000000001', '4002', '062600004002', 'LABATT BLUE 12PK', 'e1000000-0000-0000-0000-000000000004', 'f1000000-0000-0000-0000-000000000007', 'aa100000-0000-0000-0000-000000000003', 22.95, '{HST1,HST2}', 2, 17.00, 25.93, 'active'),
  ('b1000000-0000-0000-0000-000000000001', '4003', '062600004003', 'HEINEKEN 6PK 330ML', 'e1000000-0000-0000-0000-000000000004', 'f1000000-0000-0000-0000-000000000008', 'aa100000-0000-0000-0000-000000000003', 15.95, '{HST1,HST2}', 4, 11.20, 29.78, 'active'),
  ('b1000000-0000-0000-0000-000000000001', '4004', '062600004004', 'CORONA EXTRA 6PK 330ML', 'e1000000-0000-0000-0000-000000000004', 'f1000000-0000-0000-0000-000000000008', 'aa100000-0000-0000-0000-000000000003', 14.95, '{HST1,HST2}', 4, 10.50, 29.77, 'active'),
  -- Bakery
  ('b1000000-0000-0000-0000-000000000001', '5001', '068100005001', 'DEMPSTERS WHITE BREAD 675G', 'e1000000-0000-0000-0000-000000000005', 'f1000000-0000-0000-0000-000000000009', 'aa100000-0000-0000-0000-000000000005', 3.99, '{HST1}', 8, 2.30, 42.36, 'active'),
  ('b1000000-0000-0000-0000-000000000001', '5002', '068100005002', 'DEMPSTERS WHOLE WHEAT 675G', 'e1000000-0000-0000-0000-000000000005', 'f1000000-0000-0000-0000-000000000009', 'aa100000-0000-0000-0000-000000000005', 4.29, '{HST1}', 8, 2.50, 41.72, 'active'),
  ('b1000000-0000-0000-0000-000000000001', '5003', '068100005003', 'WONDER HAMBURGER BUNS 8PK', 'e1000000-0000-0000-0000-000000000005', 'f1000000-0000-0000-0000-000000000009', 'aa100000-0000-0000-0000-000000000005', 3.49, '{HST1}', 12, 2.00, 42.69, 'active'),
  -- Groceries
  ('b1000000-0000-0000-0000-000000000001', '6001', '057000006001', 'HEINZ KETCHUP 750ML', 'e1000000-0000-0000-0000-000000000006', 'f1000000-0000-0000-0000-000000000010', null, 5.49, '{}', 12, 3.20, 41.71, 'active'),
  ('b1000000-0000-0000-0000-000000000001', '6002', '057000006002', 'CAMPBELLS TOMATO SOUP 284ML', 'e1000000-0000-0000-0000-000000000006', 'f1000000-0000-0000-0000-000000000010', null, 1.99, '{}', 24, 0.95, 52.26, 'active'),
  ('b1000000-0000-0000-0000-000000000001', '6003', '057000006003', 'KRAFT DINNER ORIGINAL 225G', 'e1000000-0000-0000-0000-000000000006', 'f1000000-0000-0000-0000-000000000010', null, 2.49, '{}', 12, 1.30, 47.79, 'active'),
  -- Dairy
  ('b1000000-0000-0000-0000-000000000001', '7001', '068700007001', 'NEILSON 2% MILK 2L', 'e1000000-0000-0000-0000-000000000007', 'f1000000-0000-0000-0000-000000000011', null, 4.99, '{}', 6, 3.40, 31.86, 'active'),
  ('b1000000-0000-0000-0000-000000000001', '7002', '068700007002', 'NEILSON HOMO MILK 1L', 'e1000000-0000-0000-0000-000000000007', 'f1000000-0000-0000-0000-000000000011', null, 3.29, '{}', 12, 2.10, 36.17, 'active'),
  -- Beverages
  ('b1000000-0000-0000-0000-000000000001', '8001', '049000008001', 'COCA-COLA 591ML', 'e1000000-0000-0000-0000-000000000008', 'f1000000-0000-0000-0000-000000000012', 'aa100000-0000-0000-0000-000000000004', 2.49, '{HST1}', 24, 1.10, 55.82, 'active'),
  ('b1000000-0000-0000-0000-000000000001', '8002', '049000008002', 'DIET COKE 591ML', 'e1000000-0000-0000-0000-000000000008', 'f1000000-0000-0000-0000-000000000012', 'aa100000-0000-0000-0000-000000000004', 2.49, '{HST1}', 24, 1.10, 55.82, 'active'),
  ('b1000000-0000-0000-0000-000000000001', '8003', '049000008003', 'SPRITE 591ML', 'e1000000-0000-0000-0000-000000000008', 'f1000000-0000-0000-0000-000000000012', 'aa100000-0000-0000-0000-000000000004', 2.49, '{HST1}', 24, 1.10, 55.82, 'active'),
  ('b1000000-0000-0000-0000-000000000001', '8004', '049000008004', 'COCA-COLA 2L', 'e1000000-0000-0000-0000-000000000008', 'f1000000-0000-0000-0000-000000000012', 'aa100000-0000-0000-0000-000000000004', 3.29, '{HST1}', 8, 1.80, 45.29, 'active'),
  ('b1000000-0000-0000-0000-000000000001', '8005', '049000008005', 'RED BULL 250ML', 'e1000000-0000-0000-0000-000000000008', 'f1000000-0000-0000-0000-000000000012', null, 3.99, '{HST1}', 24, 2.20, 44.86, 'active'),
  ('b1000000-0000-0000-0000-000000000001', '8006', '049000008006', 'MONSTER ENERGY 473ML', 'e1000000-0000-0000-0000-000000000008', 'f1000000-0000-0000-0000-000000000012', null, 3.49, '{HST1}', 24, 1.90, 45.56, 'active'),
  ('b1000000-0000-0000-0000-000000000001', '8007', '049000008007', 'GATORADE COOL BLUE 591ML', 'e1000000-0000-0000-0000-000000000008', 'f1000000-0000-0000-0000-000000000012', null, 2.99, '{HST1}', 24, 1.50, 49.83, 'active'),
  ('b1000000-0000-0000-0000-000000000001', '8008', '049000008008', 'WATER NESTLE PURE LIFE 500ML', 'e1000000-0000-0000-0000-000000000008', 'f1000000-0000-0000-0000-000000000012', null, 1.99, '{HST1}', 24, 0.45, 77.39, 'active')
on conflict do nothing;

-- 5. PAYOUTS
insert into public.payouts (station_id, description, french_description, sort_order) values
  ('b1000000-0000-0000-0000-000000000001', 'LOTTERY', 'LOTERIE', 1),
  ('b1000000-0000-0000-0000-000000000001', 'CASH PURCHASE', 'ACHAT COMPTANT', 2),
  ('b1000000-0000-0000-0000-000000000001', 'REFUND', 'REMBOURSEMENT', 3),
  ('b1000000-0000-0000-0000-000000000001', 'SAFE DROP', 'DEPOT COFFRE', 4),
  ('b1000000-0000-0000-0000-000000000001', 'BANK DEPOSIT', 'DEPOT BANCAIRE', 5),
  ('b1000000-0000-0000-0000-000000000001', 'MISC EXPENSE', 'DEPENSES DIVERSES', 6)
on conflict (station_id, description) do nothing;

-- 6. PRICE BOOK SETTINGS
insert into public.price_book_settings (station_id, category, key, value, sort_order) values
  -- Payments
  ('b1000000-0000-0000-0000-000000000001', 'payments', 'CASH', 'Cash', 1),
  ('b1000000-0000-0000-0000-000000000001', 'payments', 'DEBIT', 'Interac Debit', 2),
  ('b1000000-0000-0000-0000-000000000001', 'payments', 'VISA', 'Visa Credit', 3),
  ('b1000000-0000-0000-0000-000000000001', 'payments', 'MC', 'Mastercard', 4),
  -- Host Product Codes
  ('b1000000-0000-0000-0000-000000000001', 'host_product_codes', '001', 'General Merchandise', 1),
  ('b1000000-0000-0000-0000-000000000001', 'host_product_codes', '002', 'Fuel Products', 2),
  ('b1000000-0000-0000-0000-000000000001', 'host_product_codes', '003', 'Tobacco Products', 3),
  -- Item Locations
  ('b1000000-0000-0000-0000-000000000001', 'item_locations', 'SHELF-A', 'Main Shelf A', 1),
  ('b1000000-0000-0000-0000-000000000001', 'item_locations', 'SHELF-B', 'Main Shelf B', 2),
  ('b1000000-0000-0000-0000-000000000001', 'item_locations', 'COOLER', 'Walk-in Cooler', 3)
on conflict (station_id, category, key) do nothing;

-- 7. SHELF TAGS (queue some items)
insert into public.shelf_tags (station_id, item_id, unit_or_order)
select 'b1000000-0000-0000-0000-000000000001', id, 'EA'
from public.items
where station_id = 'b1000000-0000-0000-0000-000000000001'
limit 10;
